{
  "dataset_revision": "cd540c506dae1cf9e9a59c3e06f42030d54e7301",
  "dev": {
    "evaluation_time": 256.18,
    "map_at_1": 0.26825,
    "map_at_10": 0.39959,
    "map_at_100": 0.41861,
    "map_at_1000": 0.41963,
    "map_at_3": 0.35357,
    "map_at_5": 0.38001,
    "mrr_at_1": 0.40585,
    "mrr_at_10": 0.48802,
    "mrr_at_100": 0.49779,
    "mrr_at_1000": 0.49819,
    "mrr_at_3": 0.46095,
    "mrr_at_5": 0.47678,
    "ndcg_at_1": 0.40585,
    "ndcg_at_10": 0.46758,
    "ndcg_at_100": 0.53957,
    "ndcg_at_1000": 0.55656,
    "ndcg_at_3": 0.40961,
    "ndcg_at_5": 0.43564,
    "precision_at_1": 0.40585,
    "precision_at_10": 0.10425,
    "precision_at_100": 0.01625,
    "precision_at_1000": 0.00184,
    "precision_at_3": 0.23114,
    "precision_at_5": 0.17024,
    "recall_at_1": 0.26825,
    "recall_at_10": 0.57909,
    "recall_at_100": 0.87375,
    "recall_at_1000": 0.98695,
    "recall_at_3": 0.40754,
    "recall_at_5": 0.48472
  },
  "mteb_dataset_name": "CmedqaRetrieval",
  "mteb_version": "1.1.2"
}