{
  "dataset_revision": "1271c7809071a13532e05f25fb53511ffce77117",
  "dev": {
    "evaluation_time": 263.03,
    "map_at_1": 0.67597,
    "map_at_10": 0.76545,
    "map_at_100": 0.76893,
    "map_at_1000": 0.76897,
    "map_at_3": 0.74807,
    "map_at_5": 0.75895,
    "mrr_at_1": 0.67861,
    "mrr_at_10": 0.76545,
    "mrr_at_100": 0.76893,
    "mrr_at_1000": 0.76897,
    "mrr_at_3": 0.74886,
    "mrr_at_5": 0.75934,
    "ndcg_at_1": 0.67861,
    "ndcg_at_10": 0.80417,
    "ndcg_at_100": 0.81928,
    "ndcg_at_1000": 0.82038,
    "ndcg_at_3": 0.77025,
    "ndcg_at_5": 0.78941,
    "precision_at_1": 0.67861,
    "precision_at_10": 0.09336,
    "precision_at_100": 0.01001,
    "precision_at_1000": 0.00101,
    "precision_at_3": 0.27959,
    "precision_at_5": 0.17745,
    "recall_at_1": 0.67597,
    "recall_at_10": 0.92308,
    "recall_at_100": 0.99052,
    "recall_at_1000": 0.99895,
    "recall_at_3": 0.83325,
    "recall_at_5": 0.87908
  },
  "mteb_dataset_name": "CovidRetrieval",
  "mteb_version": "1.1.2"
}