{
  "dataset_revision": "a1a333e290fe30b10f3f56498e3a0d911a693ced",
  "dev": {
    "evaluation_time": 264.68,
    "map_at_1": 0.25574,
    "map_at_10": 0.78493,
    "map_at_100": 0.81384,
    "map_at_1000": 0.81429,
    "map_at_3": 0.54107,
    "map_at_5": 0.68755,
    "mrr_at_1": 0.892,
    "mrr_at_10": 0.92567,
    "mrr_at_100": 0.92642,
    "mrr_at_1000": 0.92646,
    "mrr_at_3": 0.92258,
    "mrr_at_5": 0.92458,
    "ndcg_at_1": 0.892,
    "ndcg_at_10": 0.86084,
    "ndcg_at_100": 0.89053,
    "ndcg_at_1000": 0.89484,
    "ndcg_at_3": 0.84898,
    "ndcg_at_5": 0.84078,
    "precision_at_1": 0.892,
    "precision_at_10": 0.41345,
    "precision_at_100": 0.04779,
    "precision_at_1000": 0.00488,
    "precision_at_3": 0.76167,
    "precision_at_5": 0.647,
    "recall_at_1": 0.25574,
    "recall_at_10": 0.87153,
    "recall_at_100": 0.96829,
    "recall_at_1000": 0.9912,
    "recall_at_3": 0.56421,
    "recall_at_5": 0.737
  },
  "mteb_dataset_name": "DuRetrieval",
  "mteb_version": "1.1.2"
}