{
  "dataset_revision": "687de13dc7294d6fd9be10c6945f9e8fec8166b9",
  "dev": {
    "evaluation_time": 32.03,
    "map_at_1": 0.52,
    "map_at_10": 0.62553,
    "map_at_100": 0.63048,
    "map_at_1000": 0.63065,
    "map_at_3": 0.60233,
    "map_at_5": 0.61713,
    "mrr_at_1": 0.52,
    "mrr_at_10": 0.62553,
    "mrr_at_100": 0.63048,
    "mrr_at_1000": 0.63065,
    "mrr_at_3": 0.60233,
    "mrr_at_5": 0.61713,
    "ndcg_at_1": 0.52,
    "ndcg_at_10": 0.67516,
    "ndcg_at_100": 0.69896,
    "ndcg_at_1000": 0.70281,
    "ndcg_at_3": 0.62826,
    "ndcg_at_5": 0.65498,
    "precision_at_1": 0.52,
    "precision_at_10": 0.083,
    "precision_at_100": 0.00941,
    "precision_at_1000": 0.00097,
    "precision_at_3": 0.23433,
    "precision_at_5": 0.1536,
    "recall_at_1": 0.52,
    "recall_at_10": 0.83,
    "recall_at_100": 0.941,
    "recall_at_1000": 0.97,
    "recall_at_3": 0.703,
    "recall_at_5": 0.768
  },
  "mteb_dataset_name": "EcomRetrieval",
  "mteb_version": "1.1.2"
}