{
  "dataset_revision": "421605374b29664c5fc098418fe20ada9bd55f8a",
  "mteb_dataset_name": "IFlyTek",
  "mteb_version": "1.1.2",
  "validation": {
    "accuracy": 0.5176606387071951,
    "accuracy_stderr": 0.0032702623102540806,
    "evaluation_time": 84.06,
    "f1": 0.4025725744367441,
    "f1_stderr": 0.0016184111805853006,
    "main_score": 0.5176606387071951
  }
}