{
  "dataset_revision": "2039188fb5800a9803ba5048df7b76e6fb151fc6",
  "dev": {
    "evaluation_time": 103.65,
    "map_at_1": 0.549,
    "map_at_10": 0.61,
    "map_at_100": 0.61549,
    "map_at_1000": 0.61591,
    "map_at_3": 0.59517,
    "map_at_5": 0.60267,
    "mrr_at_1": 0.551,
    "mrr_at_10": 0.611,
    "mrr_at_100": 0.61649,
    "mrr_at_1000": 0.61691,
    "mrr_at_3": 0.59617,
    "mrr_at_5": 0.60367,
    "ndcg_at_1": 0.549,
    "ndcg_at_10": 0.6407,
    "ndcg_at_100": 0.66981,
    "ndcg_at_1000": 0.68207,
    "ndcg_at_3": 0.60956,
    "ndcg_at_5": 0.62311,
    "precision_at_1": 0.549,
    "precision_at_10": 0.0738,
    "precision_at_100": 0.0088,
    "precision_at_1000": 0.00098,
    "precision_at_3": 0.217,
    "precision_at_5": 0.1368,
    "recall_at_1": 0.549,
    "recall_at_10": 0.738,
    "recall_at_100": 0.88,
    "recall_at_1000": 0.978,
    "recall_at_3": 0.651,
    "recall_at_5": 0.684
  },
  "mteb_dataset_name": "MedicalRetrieval",
  "mteb_version": "1.1.2"
}