{
  "dataset_revision": "539bbde593d947e2a124ba72651aafc09eb33fc2",
  "dev": {
    "evaluation_time": 112.52,
    "map_at_1": 0.65626,
    "map_at_10": 0.74749,
    "map_at_100": 0.75091,
    "map_at_1000": 0.75103,
    "map_at_3": 0.73007,
    "map_at_5": 0.74124,
    "mrr_at_1": 0.67894,
    "mrr_at_10": 0.75374,
    "mrr_at_100": 0.75674,
    "mrr_at_1000": 0.75685,
    "mrr_at_3": 0.73868,
    "mrr_at_5": 0.7483,
    "ndcg_at_1": 0.67894,
    "ndcg_at_10": 0.78414,
    "ndcg_at_100": 0.79947,
    "ndcg_at_1000": 0.80265,
    "ndcg_at_3": 0.7512,
    "ndcg_at_5": 0.76999,
    "precision_at_1": 0.67894,
    "precision_at_10": 0.0947,
    "precision_at_100": 0.01023,
    "precision_at_1000": 0.00105,
    "precision_at_3": 0.28333,
    "precision_at_5": 0.17989,
    "recall_at_1": 0.65626,
    "recall_at_10": 0.89063,
    "recall_at_100": 0.95995,
    "recall_at_1000": 0.98455,
    "recall_at_3": 0.80357,
    "recall_at_5": 0.84824
  },
  "mteb_dataset_name": "MMarcoRetrieval",
  "mteb_version": "1.1.2"
}