{
  "dataset_revision": "8731a845f1bf500a4f111cf1070785c793d10e64",
  "dev": {
    "evaluation_time": 769.9,
    "map_at_1": 0.27057,
    "map_at_10": 0.75293,
    "map_at_100": 0.79098,
    "map_at_1000": 0.79172,
    "map_at_3": 0.53049,
    "map_at_5": 0.65103,
    "mrr_at_1": 0.88822,
    "mrr_at_10": 0.91721,
    "mrr_at_100": 0.91814,
    "mrr_at_1000": 0.91818,
    "mrr_at_3": 0.91213,
    "mrr_at_5": 0.91544,
    "ndcg_at_1": 0.88822,
    "ndcg_at_10": 0.83269,
    "ndcg_at_100": 0.87259,
    "ndcg_at_1000": 0.87938,
    "ndcg_at_3": 0.84678,
    "ndcg_at_5": 0.83231,
    "precision_at_1": 0.88822,
    "precision_at_10": 0.41297,
    "precision_at_100": 0.04994,
    "precision_at_1000": 0.00515,
    "precision_at_3": 0.73933,
    "precision_at_5": 0.61885,
    "recall_at_1": 0.27057,
    "recall_at_10": 0.82332,
    "recall_at_100": 0.95065,
    "recall_at_1000": 0.98466,
    "recall_at_3": 0.54872,
    "recall_at_5": 0.68814
  },
  "mteb_dataset_name": "T2Retrieval",
  "mteb_version": "1.1.2"
}