{
  "dataset_revision": "317f262bf1e6126357bbe89e875451e4b0938fe4",
  "mteb_dataset_name": "TNews",
  "mteb_version": "1.1.2",
  "validation": {
    "accuracy": 0.5369,
    "accuracy_stderr": 0.003208426405576395,
    "evaluation_time": 34.28,
    "f1": 0.5187306088948137,
    "f1_stderr": 0.004187789413693209,
    "main_score": 0.5369
  }
}