{
  "dataset_revision": "58c2597a5943a2ba48f4668c3b90d796283c5639",
  "dev": {
    "evaluation_time": 41.98,
    "map_at_1": 0.594,
    "map_at_10": 0.6919,
    "map_at_100": 0.69711,
    "map_at_1000": 0.69727,
    "map_at_3": 0.67717,
    "map_at_5": 0.68742,
    "mrr_at_1": 0.594,
    "mrr_at_10": 0.6919,
    "mrr_at_100": 0.69711,
    "mrr_at_1000": 0.69727,
    "mrr_at_3": 0.67717,
    "mrr_at_5": 0.68742,
    "ndcg_at_1": 0.594,
    "ndcg_at_10": 0.73281,
    "ndcg_at_100": 0.75575,
    "ndcg_at_1000": 0.75971,
    "ndcg_at_3": 0.70339,
    "ndcg_at_5": 0.72168,
    "precision_at_1": 0.594,
    "precision_at_10": 0.0858,
    "precision_at_100": 0.0096,
    "precision_at_1000": 0.00099,
    "precision_at_3": 0.25967,
    "precision_at_5": 0.1646,
    "recall_at_1": 0.594,
    "recall_at_10": 0.858,
    "recall_at_100": 0.96,
    "recall_at_1000": 0.991,
    "recall_at_3": 0.779,
    "recall_at_5": 0.823
  },
  "mteb_dataset_name": "VideoRetrieval",
  "mteb_version": "1.1.2"
}