{
  "dataset_revision": "cd540c506dae1cf9e9a59c3e06f42030d54e7301",
  "dev": {
    "evaluation_time": 1256.92,
    "map_at_1": 0.2685,
    "map_at_10": 0.39983,
    "map_at_100": 0.41883,
    "map_at_1000": 0.41984,
    "map_at_3": 0.35401,
    "map_at_5": 0.38001,
    "mrr_at_1": 0.4061,
    "mrr_at_10": 0.48812,
    "mrr_at_100": 0.49788,
    "mrr_at_1000": 0.49828,
    "mrr_at_3": 0.46128,
    "mrr_at_5": 0.47679,
    "ndcg_at_1": 0.4061,
    "ndcg_at_10": 0.46773,
    "ndcg_at_100": 0.53968,
    "ndcg_at_1000": 0.55671,
    "ndcg_at_3": 0.41011,
    "ndcg_at_5": 0.43545,
    "precision_at_1": 0.4061,
    "precision_at_10": 0.1043,
    "precision_at_100": 0.01625,
    "precision_at_1000": 0.00184,
    "precision_at_3": 0.23139,
    "precision_at_5": 0.17004,
    "recall_at_1": 0.2685,
    "recall_at_10": 0.57906,
    "recall_at_100": 0.87366,
    "recall_at_1000": 0.98721,
    "recall_at_3": 0.40825,
    "recall_at_5": 0.48391
  },
  "mteb_dataset_name": "CmedqaRetrieval",
  "mteb_version": "1.1.2"
}