{
  "dataset_revision": "a1a333e290fe30b10f3f56498e3a0d911a693ced",
  "dev": {
    "evaluation_time": 1320.81,
    "map_at_1": 0.25574,
    "map_at_10": 0.78495,
    "map_at_100": 0.81382,
    "map_at_1000": 0.81428,
    "map_at_3": 0.54115,
    "map_at_5": 0.68743,
    "mrr_at_1": 0.892,
    "mrr_at_10": 0.92571,
    "mrr_at_100": 0.92647,
    "mrr_at_1000": 0.9265,
    "mrr_at_3": 0.92275,
    "mrr_at_5": 0.92462,
    "ndcg_at_1": 0.892,
    "ndcg_at_10": 0.86091,
    "ndcg_at_100": 0.8905,
    "ndcg_at_1000": 0.89484,
    "ndcg_at_3": 0.84913,
    "ndcg_at_5": 0.84069,
    "precision_at_1": 0.892,
    "precision_at_10": 0.4135,
    "precision_at_100": 0.04778,
    "precision_at_1000": 0.00488,
    "precision_at_3": 0.76183,
    "precision_at_5": 0.6469,
    "recall_at_1": 0.25574,
    "recall_at_10": 0.87168,
    "recall_at_100": 0.96812,
    "recall_at_1000": 0.99114,
    "recall_at_3": 0.5645,
    "recall_at_5": 0.73683
  },
  "mteb_dataset_name": "DuRetrieval",
  "mteb_version": "1.1.2"
}