{
  "dataset_revision": "421605374b29664c5fc098418fe20ada9bd55f8a",
  "mteb_dataset_name": "IFlyTek",
  "mteb_version": "1.1.2",
  "validation": {
    "accuracy": 0.5177375913813005,
    "accuracy_stderr": 0.0032429869189235373,
    "evaluation_time": 280.74,
    "f1": 0.4026448545790716,
    "f1_stderr": 0.0017360471286822303,
    "main_score": 0.5177375913813005
  }
}