{
  "dataset_revision": "2039188fb5800a9803ba5048df7b76e6fb151fc6",
  "dev": {
    "evaluation_time": 513.1,
    "map_at_1": 0.55,
    "map_at_10": 0.6107,
    "map_at_100": 0.61627,
    "map_at_1000": 0.61668,
    "map_at_3": 0.59583,
    "map_at_5": 0.60393,
    "mrr_at_1": 0.551,
    "mrr_at_10": 0.6112,
    "mrr_at_100": 0.61678,
    "mrr_at_1000": 0.61719,
    "mrr_at_3": 0.59633,
    "mrr_at_5": 0.60443,
    "ndcg_at_1": 0.55,
    "ndcg_at_10": 0.64104,
    "ndcg_at_100": 0.67055,
    "ndcg_at_1000": 0.68266,
    "ndcg_at_3": 0.61006,
    "ndcg_at_5": 0.62477,
    "precision_at_1": 0.55,
    "precision_at_10": 0.0737,
    "precision_at_100": 0.00881,
    "precision_at_1000": 0.00098,
    "precision_at_3": 0.217,
    "precision_at_5": 0.1374,
    "recall_at_1": 0.55,
    "recall_at_10": 0.737,
    "recall_at_100": 0.881,
    "recall_at_1000": 0.978,
    "recall_at_3": 0.651,
    "recall_at_5": 0.687
  },
  "mteb_dataset_name": "MedicalRetrieval",
  "mteb_version": "1.1.2"
}