{
  "dataset_revision": "539bbde593d947e2a124ba72651aafc09eb33fc2",
  "dev": {
    "evaluation_time": 525.68,
    "map_at_1": 0.65647,
    "map_at_10": 0.7475,
    "map_at_100": 0.75089,
    "map_at_1000": 0.75101,
    "map_at_3": 0.72994,
    "map_at_5": 0.74117,
    "mrr_at_1": 0.67908,
    "mrr_at_10": 0.75373,
    "mrr_at_100": 0.75671,
    "mrr_at_1000": 0.75682,
    "mrr_at_3": 0.73854,
    "mrr_at_5": 0.74825,
    "ndcg_at_1": 0.67908,
    "ndcg_at_10": 0.78422,
    "ndcg_at_100": 0.79949,
    "ndcg_at_1000": 0.80264,
    "ndcg_at_3": 0.75099,
    "ndcg_at_5": 0.7699,
    "precision_at_1": 0.67908,
    "precision_at_10": 0.09474,
    "precision_at_100": 0.01023,
    "precision_at_1000": 0.00105,
    "precision_at_3": 0.28319,
    "precision_at_5": 0.17986,
    "recall_at_1": 0.65647,
    "recall_at_10": 0.89099,
    "recall_at_100": 0.96023,
    "recall_at_1000": 0.98455,
    "recall_at_3": 0.80314,
    "recall_at_5": 0.8481
  },
  "mteb_dataset_name": "MMarcoRetrieval",
  "mteb_version": "1.1.2"
}