{
  "dataset_revision": "46958b007a63fdbf239b7672c25d0bea67b5ea1a",
  "mteb_dataset_name": "MultilingualSentiment",
  "mteb_version": "1.1.2",
  "validation": {
    "accuracy": 0.7756000000000001,
    "accuracy_stderr": 0.004611097724210823,
    "evaluation_time": 25.17,
    "f1": 0.7753415907474264,
    "f1_stderr": 0.006173837892738144,
    "main_score": 0.7756000000000001
  }
}