{
  "dataset_revision": "eea2b4fe26a775864c896887d910b76a8098ad3f",
  "mteb_dataset_name": "STS22",
  "mteb_version": "1.1.2",
  "test": {
    "evaluation_time": 39.59,
    "zh": {
      "cos_sim": {
        "pearson": 0.6182176592670207,
        "spearman": 0.6705772162437345
      },
      "euclidean": {
        "pearson": 0.6570161318512961,
        "spearman": 0.6705772162437345
      },
      "manhattan": {
        "pearson": 0.6564246179477818,
        "spearman": 0.6703620698919115
      }
    }
  }
}