{
  "dataset_revision": null,
  "mteb_dataset_name": "ATEC",
  "mteb_version": "1.1.1",
  "test": {
    "cos_sim": {
      "pearson": 0.5352343534213784,
      "spearman": 0.5794595170176331
    },
    "euclidean": {
      "pearson": 0.6116662835482146,
      "spearman": 0.5794590216330153
    },
    "evaluation_time": 15.75,
    "manhattan": {
      "pearson": 0.6116423136556863,
      "spearman": 0.5794474364498415
    }
  }
}