{
  "dataset_revision": null,
  "mteb_dataset_name": "CmedqaRetrieval",
  "mteb_version": "1.1.1",
  "validation": {
    "evaluation_time": 642.4,
    "map_at_1": 0.26912,
    "map_at_10": 0.4002,
    "map_at_100": 0.41919,
    "map_at_1000": 0.42021,
    "map_at_3": 0.35429,
    "map_at_5": 0.38055,
    "mrr_at_1": 0.40685,
    "mrr_at_10": 0.48849,
    "mrr_at_100": 0.4983,
    "mrr_at_1000": 0.4987,
    "mrr_at_3": 0.46166,
    "mrr_at_5": 0.47737,
    "ndcg_at_1": 0.40685,
    "ndcg_at_10": 0.46798,
    "ndcg_at_100": 0.53998,
    "ndcg_at_1000": 0.557,
    "ndcg_at_3": 0.41035,
    "ndcg_at_5": 0.4361,
    "precision_at_1": 0.40685,
    "precision_at_10": 0.1043,
    "precision_at_100": 0.01625,
    "precision_at_1000": 0.00184,
    "precision_at_3": 0.23139,
    "precision_at_5": 0.17024,
    "recall_at_1": 0.26912,
    "recall_at_10": 0.5789,
    "recall_at_100": 0.87374,
    "recall_at_1000": 0.98721,
    "recall_at_3": 0.40825,
    "recall_at_5": 0.48491
  }
}