{
  "dataset_revision": null,
  "mteb_dataset_name": "CovidRetrieval",
  "mteb_version": "1.1.1",
  "validation": {
    "evaluation_time": 675.01,
    "map_at_1": 0.67597,
    "map_at_10": 0.76531,
    "map_at_100": 0.7688,
    "map_at_1000": 0.76884,
    "map_at_3": 0.74772,
    "map_at_5": 0.75881,
    "mrr_at_1": 0.67861,
    "mrr_at_10": 0.7654,
    "mrr_at_100": 0.76888,
    "mrr_at_1000": 0.76893,
    "mrr_at_3": 0.74886,
    "mrr_at_5": 0.75929,
    "ndcg_at_1": 0.67861,
    "ndcg_at_10": 0.80405,
    "ndcg_at_100": 0.81918,
    "ndcg_at_1000": 0.82027,
    "ndcg_at_3": 0.76972,
    "ndcg_at_5": 0.78929,
    "precision_at_1": 0.67861,
    "precision_at_10": 0.09336,
    "precision_at_100": 0.01001,
    "precision_at_1000": 0.00101,
    "precision_at_3": 0.27924,
    "precision_at_5": 0.17745,
    "recall_at_1": 0.67597,
    "recall_at_10": 0.92308,
    "recall_at_100": 0.99052,
    "recall_at_1000": 0.99895,
    "recall_at_3": 0.83219,
    "recall_at_5": 0.87908
  }
}