{
  "dataset_revision": null,
  "mteb_dataset_name": "DuRetrieval",
  "mteb_version": "1.1.1",
  "validation": {
    "evaluation_time": 669.37,
    "map_at_1": 0.25574,
    "map_at_10": 0.7849,
    "map_at_100": 0.81378,
    "map_at_1000": 0.81423,
    "map_at_3": 0.54115,
    "map_at_5": 0.68734,
    "mrr_at_1": 0.892,
    "mrr_at_10": 0.92573,
    "mrr_at_100": 0.92649,
    "mrr_at_1000": 0.92653,
    "mrr_at_3": 0.92275,
    "mrr_at_5": 0.92465,
    "ndcg_at_1": 0.892,
    "ndcg_at_10": 0.86086,
    "ndcg_at_100": 0.89052,
    "ndcg_at_1000": 0.89483,
    "ndcg_at_3": 0.84913,
    "ndcg_at_5": 0.8406,
    "precision_at_1": 0.892,
    "precision_at_10": 0.4135,
    "precision_at_100": 0.04779,
    "precision_at_1000": 0.00488,
    "precision_at_3": 0.76183,
    "precision_at_5": 0.6468,
    "recall_at_1": 0.25574,
    "recall_at_10": 0.87154,
    "recall_at_100": 0.96829,
    "recall_at_1000": 0.9912,
    "recall_at_3": 0.56446,
    "recall_at_5": 0.73658
  }
}