{
  "dataset_revision": null,
  "mteb_dataset_name": "EcomRetrieval",
  "mteb_version": "1.1.1",
  "validation": {
    "evaluation_time": 65.33,
    "map_at_1": 0.521,
    "map_at_10": 0.62619,
    "map_at_100": 0.63114,
    "map_at_1000": 0.63131,
    "map_at_3": 0.60267,
    "map_at_5": 0.61792,
    "mrr_at_1": 0.521,
    "mrr_at_10": 0.62619,
    "mrr_at_100": 0.63114,
    "mrr_at_1000": 0.63131,
    "mrr_at_3": 0.60267,
    "mrr_at_5": 0.61792,
    "ndcg_at_1": 0.521,
    "ndcg_at_10": 0.67566,
    "ndcg_at_100": 0.69947,
    "ndcg_at_1000": 0.70333,
    "ndcg_at_3": 0.62826,
    "ndcg_at_5": 0.6558,
    "precision_at_1": 0.521,
    "precision_at_10": 0.083,
    "precision_at_100": 0.00941,
    "precision_at_1000": 0.00097,
    "precision_at_3": 0.234,
    "precision_at_5": 0.1538,
    "recall_at_1": 0.521,
    "recall_at_10": 0.83,
    "recall_at_100": 0.941,
    "recall_at_1000": 0.97,
    "recall_at_3": 0.702,
    "recall_at_5": 0.769
  }
}