{
  "dataset_revision": null,
  "mteb_dataset_name": "IFlyTek",
  "mteb_version": "1.1.1",
  "validation": {
    "accuracy": 0.5176606387071951,
    "accuracy_stderr": 0.0035230544493296385,
    "evaluation_time": 149.96,
    "f1": 0.40270170518699155,
    "f1_stderr": 0.0017349315887891484,
    "main_score": 0.5176606387071951
  }
}