{
  "dataset_revision": "7d571f92784cd94a019292a1f45445077d0ef634",
  "mteb_dataset_name": "MassiveScenarioClassification",
  "mteb_version": "1.1.1",
  "test": {
    "evaluation_time": 8.85,
    "zh-CN": {
      "accuracy": 0.7842299932750505,
      "accuracy_stderr": 0.014823175563716382,
      "f1": 0.7810417897185625,
      "f1_stderr": 0.013286373780853102,
      "main_score": 0.7842299932750505
    }
  },
  "validation": {
    "evaluation_time": 8.38,
    "zh-CN": {
      "accuracy": 0.7782095425479587,
      "accuracy_stderr": 0.014618885958749248,
      "f1": 0.7723375008626536,
      "f1_stderr": 0.015591423260094068,
      "main_score": 0.7782095425479587
    }
  }
}