{
  "dataset_revision": null,
  "mteb_dataset_name": "MedicalRetrieval",
  "mteb_version": "1.1.1",
  "validation": {
    "evaluation_time": 236.29,
    "map_at_1": 0.549,
    "map_at_10": 0.61024,
    "map_at_100": 0.61585,
    "map_at_1000": 0.61625,
    "map_at_3": 0.59533,
    "map_at_5": 0.60333,
    "mrr_at_1": 0.551,
    "mrr_at_10": 0.61124,
    "mrr_at_100": 0.61686,
    "mrr_at_1000": 0.61726,
    "mrr_at_3": 0.59633,
    "mrr_at_5": 0.60433,
    "ndcg_at_1": 0.549,
    "ndcg_at_10": 0.6407,
    "ndcg_at_100": 0.67041,
    "ndcg_at_1000": 0.68237,
    "ndcg_at_3": 0.60969,
    "ndcg_at_5": 0.62411,
    "precision_at_1": 0.549,
    "precision_at_10": 0.0737,
    "precision_at_100": 0.00882,
    "precision_at_1000": 0.00098,
    "precision_at_3": 0.217,
    "precision_at_5": 0.1372,
    "recall_at_1": 0.549,
    "recall_at_10": 0.737,
    "recall_at_100": 0.882,
    "recall_at_1000": 0.978,
    "recall_at_3": 0.651,
    "recall_at_5": 0.686
  }
}