{
  "dataset_revision": null,
  "mteb_dataset_name": "MMarcoRetrieval",
  "mteb_version": "1.1.1",
  "validation": {
    "evaluation_time": 241.64,
    "map_at_1": 0.65654,
    "map_at_10": 0.74765,
    "map_at_100": 0.75108,
    "map_at_1000": 0.7512,
    "map_at_3": 0.73022,
    "map_at_5": 0.74134,
    "mrr_at_1": 0.67923,
    "mrr_at_10": 0.75395,
    "mrr_at_100": 0.75694,
    "mrr_at_1000": 0.75705,
    "mrr_at_3": 0.73885,
    "mrr_at_5": 0.74845,
    "ndcg_at_1": 0.67923,
    "ndcg_at_10": 0.78425,
    "ndcg_at_100": 0.79966,
    "ndcg_at_1000": 0.80278,
    "ndcg_at_3": 0.75128,
    "ndcg_at_5": 0.76999,
    "precision_at_1": 0.67923,
    "precision_at_10": 0.09468,
    "precision_at_100": 0.01023,
    "precision_at_1000": 0.00105,
    "precision_at_3": 0.28329,
    "precision_at_5": 0.1798,
    "recall_at_1": 0.65654,
    "recall_at_10": 0.89056,
    "recall_at_100": 0.96037,
    "recall_at_1000": 0.98455,
    "recall_at_3": 0.80343,
    "recall_at_5": 0.84789
  }
}