{
  "dataset_revision": null,
  "mteb_dataset_name": "MultilingualSentiment",
  "mteb_version": "1.1.1",
  "validation": {
    "accuracy": 0.7757666666666666,
    "accuracy_stderr": 0.004494564618637846,
    "evaluation_time": 19.48,
    "f1": 0.7754926687781014,
    "f1_stderr": 0.006051542426096796,
    "main_score": 0.7757666666666666
  }
}