{
  "dataset_revision": null,
  "mteb_dataset_name": "OnlineShopping",
  "mteb_version": "1.1.1",
  "test": {
    "accuracy": 0.9374,
    "accuracy_stderr": 0.005499090833946969,
    "ap": 0.918742935725318,
    "ap_stderr": 0.0038520346274983235,
    "evaluation_time": 13.75,
    "f1": 0.937291967799952,
    "f1_stderr": 0.005456903309479222,
    "main_score": 0.9374
  }
}