{
  "dataset_revision": null,
  "mteb_dataset_name": "QBQTC",
  "mteb_version": "1.1.1",
  "test": {
    "cos_sim": {
      "pearson": 0.34238065972733855,
      "spearman": 0.3729994521083957
    },
    "euclidean": {
      "pearson": 0.35117285683586885,
      "spearman": 0.37296421136185903
    },
    "evaluation_time": 4.28,
    "manhattan": {
      "pearson": 0.35077612993620544,
      "spearman": 0.3724321404636873
    }
  }
}