{
  "dataset_revision": null,
  "mteb_dataset_name": "T2Retrieval",
  "mteb_version": "1.1.1",
  "validation": {
    "evaluation_time": 1827.95,
    "map_at_1": 0.27061,
    "map_at_10": 0.75299,
    "map_at_100": 0.79106,
    "map_at_1000": 0.79179,
    "map_at_3": 0.53062,
    "map_at_5": 0.65117,
    "mrr_at_1": 0.88817,
    "mrr_at_10": 0.91719,
    "mrr_at_100": 0.91812,
    "mrr_at_1000": 0.91815,
    "mrr_at_3": 0.91209,
    "mrr_at_5": 0.91546,
    "ndcg_at_1": 0.88817,
    "ndcg_at_10": 0.83269,
    "ndcg_at_100": 0.8726,
    "ndcg_at_1000": 0.87942,
    "ndcg_at_3": 0.84688,
    "ndcg_at_5": 0.83242,
    "precision_at_1": 0.88817,
    "precision_at_10": 0.41293,
    "precision_at_100": 0.04994,
    "precision_at_1000": 0.00515,
    "precision_at_3": 0.73945,
    "precision_at_5": 0.6189,
    "recall_at_1": 0.27061,
    "recall_at_10": 0.8232,
    "recall_at_100": 0.95049,
    "recall_at_1000": 0.98466,
    "recall_at_3": 0.54877,
    "recall_at_5": 0.6883
  }
}