{
  "dataset_revision": null,
  "mteb_dataset_name": "TNews",
  "mteb_version": "1.1.1",
  "validation": {
    "accuracy": 0.53697,
    "accuracy_stderr": 0.003216846281686451,
    "evaluation_time": 15.68,
    "f1": 0.5187777083293563,
    "f1_stderr": 0.004223883600638354,
    "main_score": 0.53697
  }
}