{
  "dataset_revision": null,
  "mteb_dataset_name": "VideoRetrieval",
  "mteb_version": "1.1.1",
  "validation": {
    "evaluation_time": 65.38,
    "map_at_1": 0.593,
    "map_at_10": 0.69131,
    "map_at_100": 0.6965,
    "map_at_1000": 0.69667,
    "map_at_3": 0.67667,
    "map_at_5": 0.68687,
    "mrr_at_1": 0.593,
    "mrr_at_10": 0.69131,
    "mrr_at_100": 0.6965,
    "mrr_at_1000": 0.69667,
    "mrr_at_3": 0.67667,
    "mrr_at_5": 0.68687,
    "ndcg_at_1": 0.593,
    "ndcg_at_10": 0.73236,
    "ndcg_at_100": 0.75514,
    "ndcg_at_1000": 0.75924,
    "ndcg_at_3": 0.70302,
    "ndcg_at_5": 0.72127,
    "precision_at_1": 0.593,
    "precision_at_10": 0.0858,
    "precision_at_100": 0.00959,
    "precision_at_1000": 0.00099,
    "precision_at_3": 0.25967,
    "precision_at_5": 0.1646,
    "recall_at_1": 0.593,
    "recall_at_10": 0.858,
    "recall_at_100": 0.959,
    "recall_at_1000": 0.991,
    "recall_at_3": 0.779,
    "recall_at_5": 0.823
  }
}