{
  "dataset_revision": null,
  "mteb_dataset_name": "Waimai",
  "mteb_version": "1.1.1",
  "test": {
    "accuracy": 0.8855999999999999,
    "accuracy_stderr": 0.00542586398650022,
    "ap": 0.7361808496992722,
    "ap_stderr": 0.011074642485384353,
    "evaluation_time": 8.39,
    "f1": 0.8709134854653389,
    "f1_stderr": 0.0046763453419527284,
    "main_score": 0.8855999999999999
  }
}