{
  "dataset_revision": "0f319b1142f28d00e055a6770f3f726ae9b7d865",
  "mteb_dataset_name": "ATEC",
  "mteb_version": "1.1.2",
  "test": {
    "cos_sim": {
      "pearson": 0.5352621298436534,
      "spearman": 0.5794522776787755
    },
    "euclidean": {
      "pearson": 0.6117041431197369,
      "spearman": 0.5794552499708359
    },
    "evaluation_time": 12.24,
    "manhattan": {
      "pearson": 0.6116832744372547,
      "spearman": 0.5794477516890276
    }
  }
}