{
  "dataset_revision": "cd540c506dae1cf9e9a59c3e06f42030d54e7301",
  "dev": {
    "evaluation_time": 245.46,
    "map_at_1": 0.2685,
    "map_at_10": 0.39982,
    "map_at_100": 0.41881,
    "map_at_1000": 0.41982,
    "map_at_3": 0.35405,
    "map_at_5": 0.38003,
    "mrr_at_1": 0.4061,
    "mrr_at_10": 0.48817,
    "mrr_at_100": 0.49792,
    "mrr_at_1000": 0.49832,
    "mrr_at_3": 0.46137,
    "mrr_at_5": 0.47686,
    "ndcg_at_1": 0.4061,
    "ndcg_at_10": 0.46777,
    "ndcg_at_100": 0.53971,
    "ndcg_at_1000": 0.55671,
    "ndcg_at_3": 0.41021,
    "ndcg_at_5": 0.43554,
    "precision_at_1": 0.4061,
    "precision_at_10": 0.10433,
    "precision_at_100": 0.01625,
    "precision_at_1000": 0.00184,
    "precision_at_3": 0.23147,
    "precision_at_5": 0.17009,
    "recall_at_1": 0.2685,
    "recall_at_10": 0.57915,
    "recall_at_100": 0.87383,
    "recall_at_1000": 0.98721,
    "recall_at_3": 0.4085,
    "recall_at_5": 0.48416
  },
  "mteb_dataset_name": "CmedqaRetrieval",
  "mteb_version": "1.1.2"
}