{
  "dataset_revision": "1271c7809071a13532e05f25fb53511ffce77117",
  "dev": {
    "evaluation_time": 254.51,
    "map_at_1": 0.67597,
    "map_at_10": 0.7653,
    "map_at_100": 0.76879,
    "map_at_1000": 0.76884,
    "map_at_3": 0.74772,
    "map_at_5": 0.75881,
    "mrr_at_1": 0.67756,
    "mrr_at_10": 0.76478,
    "mrr_at_100": 0.76827,
    "mrr_at_1000": 0.76831,
    "mrr_at_3": 0.74798,
    "mrr_at_5": 0.75868,
    "ndcg_at_1": 0.67861,
    "ndcg_at_10": 0.80403,
    "ndcg_at_100": 0.81917,
    "ndcg_at_1000": 0.82026,
    "ndcg_at_3": 0.76972,
    "ndcg_at_5": 0.78929,
    "precision_at_1": 0.67861,
    "precision_at_10": 0.09336,
    "precision_at_100": 0.01001,
    "precision_at_1000": 0.00101,
    "precision_at_3": 0.27924,
    "precision_at_5": 0.17745,
    "recall_at_1": 0.67597,
    "recall_at_10": 0.92308,
    "recall_at_100": 0.99052,
    "recall_at_1000": 0.99895,
    "recall_at_3": 0.83219,
    "recall_at_5": 0.87908
  },
  "mteb_dataset_name": "CovidRetrieval",
  "mteb_version": "1.1.2"
}