{
  "dataset_revision": "a1a333e290fe30b10f3f56498e3a0d911a693ced",
  "dev": {
    "evaluation_time": 252.63,
    "map_at_1": 0.25574,
    "map_at_10": 0.78491,
    "map_at_100": 0.81378,
    "map_at_1000": 0.81424,
    "map_at_3": 0.54099,
    "map_at_5": 0.68739,
    "mrr_at_1": 0.892,
    "mrr_at_10": 0.92571,
    "mrr_at_100": 0.92647,
    "mrr_at_1000": 0.92651,
    "mrr_at_3": 0.92275,
    "mrr_at_5": 0.92462,
    "ndcg_at_1": 0.892,
    "ndcg_at_10": 0.86089,
    "ndcg_at_100": 0.89048,
    "ndcg_at_1000": 0.89483,
    "ndcg_at_3": 0.84898,
    "ndcg_at_5": 0.84067,
    "precision_at_1": 0.892,
    "precision_at_10": 0.4135,
    "precision_at_100": 0.04778,
    "precision_at_1000": 0.00488,
    "precision_at_3": 0.76167,
    "precision_at_5": 0.6469,
    "recall_at_1": 0.25574,
    "recall_at_10": 0.87167,
    "recall_at_100": 0.96812,
    "recall_at_1000": 0.99114,
    "recall_at_3": 0.56425,
    "recall_at_5": 0.73683
  },
  "mteb_dataset_name": "DuRetrieval",
  "mteb_version": "1.1.2"
}