{
  "dataset_revision": "687de13dc7294d6fd9be10c6945f9e8fec8166b9",
  "dev": {
    "evaluation_time": 26.81,
    "map_at_1": 0.521,
    "map_at_10": 0.6263,
    "map_at_100": 0.63117,
    "map_at_1000": 0.63134,
    "map_at_3": 0.60267,
    "map_at_5": 0.61777,
    "mrr_at_1": 0.521,
    "mrr_at_10": 0.6263,
    "mrr_at_100": 0.63117,
    "mrr_at_1000": 0.63134,
    "mrr_at_3": 0.60267,
    "mrr_at_5": 0.61777,
    "ndcg_at_1": 0.521,
    "ndcg_at_10": 0.67596,
    "ndcg_at_100": 0.6995,
    "ndcg_at_1000": 0.70335,
    "ndcg_at_3": 0.62826,
    "ndcg_at_5": 0.65546,
    "precision_at_1": 0.521,
    "precision_at_10": 0.0831,
    "precision_at_100": 0.00941,
    "precision_at_1000": 0.00097,
    "precision_at_3": 0.234,
    "precision_at_5": 0.1536,
    "recall_at_1": 0.521,
    "recall_at_10": 0.831,
    "recall_at_100": 0.941,
    "recall_at_1000": 0.97,
    "recall_at_3": 0.702,
    "recall_at_5": 0.768
  },
  "mteb_dataset_name": "EcomRetrieval",
  "mteb_version": "1.1.2"
}