{
  "dataset_revision": "2039188fb5800a9803ba5048df7b76e6fb151fc6",
  "dev": {
    "evaluation_time": 90.05,
    "map_at_1": 0.55,
    "map_at_10": 0.61064,
    "map_at_100": 0.61622,
    "map_at_1000": 0.61663,
    "map_at_3": 0.59583,
    "map_at_5": 0.60373,
    "mrr_at_1": 0.551,
    "mrr_at_10": 0.61114,
    "mrr_at_100": 0.61672,
    "mrr_at_1000": 0.61714,
    "mrr_at_3": 0.59633,
    "mrr_at_5": 0.60423,
    "ndcg_at_1": 0.55,
    "ndcg_at_10": 0.64098,
    "ndcg_at_100": 0.6705,
    "ndcg_at_1000": 0.68261,
    "ndcg_at_3": 0.61006,
    "ndcg_at_5": 0.62439,
    "precision_at_1": 0.55,
    "precision_at_10": 0.0737,
    "precision_at_100": 0.00881,
    "precision_at_1000": 0.00098,
    "precision_at_3": 0.217,
    "precision_at_5": 0.1372,
    "recall_at_1": 0.55,
    "recall_at_10": 0.737,
    "recall_at_100": 0.881,
    "recall_at_1000": 0.978,
    "recall_at_3": 0.651,
    "recall_at_5": 0.686
  },
  "mteb_dataset_name": "MedicalRetrieval",
  "mteb_version": "1.1.2"
}