{
  "dataset_revision": "46958b007a63fdbf239b7672c25d0bea67b5ea1a",
  "mteb_dataset_name": "MultilingualSentiment",
  "mteb_version": "1.1.2",
  "validation": {
    "accuracy": 0.7756333333333333,
    "accuracy_stderr": 0.004622288995244191,
    "evaluation_time": 16.36,
    "f1": 0.7753722062560662,
    "f1_stderr": 0.006181196787411487,
    "main_score": 0.7756333333333333
  }
}