{
  "dataset_revision": "9c6a90e430ac22b5779fb019a23e820b11a8b5e1",
  "mteb_dataset_name": "PAWSX",
  "mteb_version": "1.1.2",
  "test": {
    "cos_sim": {
      "pearson": 0.3917504658964471,
      "spearman": 0.4551434279797824
    },
    "euclidean": {
      "pearson": 0.44864110827290243,
      "spearman": 0.45516433048896077
    },
    "evaluation_time": 1.71,
    "manhattan": {
      "pearson": 0.44871536308785953,
      "spearman": 0.45528626179250115
    }
  }
}