{
  "dataset_revision": "eea2b4fe26a775864c896887d910b76a8098ad3f",
  "mteb_dataset_name": "STS22",
  "mteb_version": "1.1.2",
  "test": {
    "evaluation_time": 8.41,
    "zh": {
      "cos_sim": {
        "pearson": 0.618202878015949,
        "spearman": 0.6706048998712496
      },
      "euclidean": {
        "pearson": 0.6570204701683509,
        "spearman": 0.6706334177397208
      },
      "manhattan": {
        "pearson": 0.6564306970220228,
        "spearman": 0.6703659776521794
      }
    }
  }
}