{
  "dataset_revision": "8731a845f1bf500a4f111cf1070785c793d10e64",
  "dev": {
    "evaluation_time": 710.04,
    "map_at_1": 0.27062,
    "map_at_10": 0.75296,
    "map_at_100": 0.79104,
    "map_at_1000": 0.79177,
    "map_at_3": 0.5305,
    "map_at_5": 0.65118,
    "mrr_at_1": 0.88813,
    "mrr_at_10": 0.91716,
    "mrr_at_100": 0.91808,
    "mrr_at_1000": 0.91812,
    "mrr_at_3": 0.91206,
    "mrr_at_5": 0.91542,
    "ndcg_at_1": 0.88813,
    "ndcg_at_10": 0.83269,
    "ndcg_at_100": 0.87261,
    "ndcg_at_1000": 0.8794,
    "ndcg_at_3": 0.84679,
    "ndcg_at_5": 0.83247,
    "precision_at_1": 0.88813,
    "precision_at_10": 0.41293,
    "precision_at_100": 0.04994,
    "precision_at_1000": 0.00516,
    "precision_at_3": 0.73936,
    "precision_at_5": 0.61901,
    "recall_at_1": 0.27062,
    "recall_at_10": 0.8233,
    "recall_at_100": 0.95064,
    "recall_at_1000": 0.98467,
    "recall_at_3": 0.54865,
    "recall_at_5": 0.68841
  },
  "mteb_dataset_name": "T2Retrieval",
  "mteb_version": "1.1.2"
}