{
  "dataset_revision": "317f262bf1e6126357bbe89e875451e4b0938fe4",
  "mteb_dataset_name": "TNews",
  "mteb_version": "1.1.2",
  "validation": {
    "accuracy": 0.53687,
    "accuracy_stderr": 0.0031458067327793547,
    "evaluation_time": 36.51,
    "f1": 0.5186911933364655,
    "f1_stderr": 0.004128475260194725,
    "main_score": 0.53687
  }
}